user	synonco	syncyto	synac	synvc
AliciaTD	syn12224368	syn12230636	syn12224381	syn12224382
s_cotteret	syn5820012	syn3540016	syn9902910	syn9902911
etienne.rouleau	syn5820012	syn3540016	syn9902910	syn9902911
Lacroix	syn5820012	syn3540016	syn9902910	syn9902911
j.dauve	syn5820009	syn2351942	syn9902901	syn9902902
w-gouraud	syn5820009	syn2351942	syn9902901	syn9902902
jchiron	syn5820010	syn3602214	syn9902904	syn9902905
ylaizet	syn5820010	syn3602214	syn9902904	syn9902905
Valery	syn5820013	syn2351946	syn9902913	syn9902914
boyault	syn5820013	syn2351946	syn9902913	syn9902914
camille	syn5820011	syn2351944	syn9902907	syn9902908
vbernard	syn5820011	syn2351944	syn9902907	syn9902908
